<?xml version="1.0" encoding="UTF-8"?>
<project-private xmlns="http://www.netbeans.org/ns/project-private/1">
    <editor-bookmarks xmlns="http://www.netbeans.org/ns/editor-bookmarks/2" lastBookmarkId="0"/>
    <open-files xmlns="http://www.netbeans.org/ns/projectui-open-files/2">
        <group>
            <file>file:/home/fefe/Documents/CST242/Github%20Repo/ClassWork/Strat%20Design(P4)/src/data/IndexStrings.java</file>
            <file>file:/home/fefe/Documents/CST242/Github%20Repo/ClassWork/Strat%20Design(P4)/src/data/ListChart.java</file>
            <file>file:/home/fefe/Documents/CST242/Github%20Repo/ClassWork/Strat%20Design(P4)/src/choice/IChoice.java</file>
            <file>file:/home/fefe/Documents/CST242/Github%20Repo/ClassWork/Strat%20Design(P4)/src/choice/Context.java</file>
            <file>file:/home/fefe/Documents/CST242/Github%20Repo/ClassWork/Strat%20Design(P4)/src/choice/MyChoice1.java</file>
            <file>file:/home/fefe/Documents/CST242/Github%20Repo/ClassWork/Strat%20Design(P4)/src/choice/MyChoice2.java</file>
            <file>file:/home/fefe/Documents/CST242/Github%20Repo/ClassWork/Strat%20Design(P4)/src/data/YearSeries.java</file>
        </group>
    </open-files>
</project-private>
